id,name
1,Barker-Wong
2,Ryan-Mathews
3,"Hansen, Hess and Walsh"
4,West-Hudson
5,Thompson Ltd
6,Shaffer-Cole
7,"Johnson, Reed and Hendrix"
8,Campos-Lucas
9,"Hendrix, Petersen and Green"
10,"Jones, Sullivan and Flores"
11,"Carter, Wright and Mullen"
12,Roberson LLC
13,Smith PLC
14,Bowen Inc
15,"Stein, Palmer and Morales"
16,Wolf-Brown
17,Hughes Inc
18,Pugh-Medina
19,"Jackson, Evans and Woods"
20,Key-Byrd
21,Singh-Shaw
22,"Martinez, Hawkins and Gomez"
23,Jones-Hayes
24,"Martinez, Martin and Collins"
25,"Smith, Osborne and Riley"
26,Spencer-Harris
27,Dyer LLC
28,Hopkins LLC
29,"York, Chandler and Hayes"
30,Massey and Sons
31,Rodriguez-Watson
32,Lawrence PLC
33,Thomas Ltd
34,Buckley-Mccarty
35,Martin Group
36,Martinez Ltd
37,Thomas-Brown
38,Kim-Peters
39,Lopez LLC
40,Spencer-Miller
41,Branch and Sons
42,Hernandez PLC
43,Juarez-Schmidt
44,Clark-Wilson
45,Thomas LLC
46,Robinson Ltd
47,"Hayes, Perez and Hahn"
48,"Matthews, Hicks and Payne"
49,Williams-Petersen
50,Olson and Sons
51,"Gomez, Bowen and Bailey"
52,Camacho-Richardson
53,"Lucas, Mcmahon and Parker"
54,Rose-Peterson
55,Walker-Mendez
56,"Johnson, Mendoza and Kelly"
57,Finley-Collins
58,"Hooper, Cole and Callahan"
59,Evans LLC
60,Reed Inc
61,"White, Elliott and Moore"
62,"Peterson, Mendez and Myers"
63,Davis-Padilla
64,"Hudson, Smith and Meyers"
65,Monroe-Townsend
66,Walton Inc
67,Jones Inc
68,Russell LLC
69,"Torres, Griffin and Walker"
70,Mccoy and Sons
71,Brown LLC
72,"Patton, Wang and Wood"
73,"Lopez, Butler and Robbins"
74,"Wilson, Allen and Harrison"
75,Garcia and Sons
76,"Hernandez, Perez and Hoover"
77,Preston Inc
78,Strickland-Molina
79,"Beard, Martin and Little"
80,Hammond and Sons
81,Morgan LLC
82,"Orr, Moody and Prince"
83,Coleman-Griffin
84,Mccann and Sons
85,"Kidd, Myers and Russell"
86,"Matthews, Bush and Lopez"
87,Lee Ltd
88,"Owens, Conway and Solis"
89,Wilkerson-Neal
90,Shaw-Galloway
91,Johnson Group
92,Mcdonald-Shaffer
93,Butler Group
94,"Ryan, Duffy and Buck"
95,Adams LLC
96,Wright-Romero
97,Brennan PLC
98,"Davis, Lewis and Bishop"
99,Weiss-Johnson
100,"Glover, Cannon and Ortiz"
101,"Ford, Davidson and Snyder"
102,Snyder-Harris
103,Thompson-Ramsey
104,Anderson Group
105,"Gonzalez, Taylor and Butler"
106,Joyce LLC
107,Smith LLC
108,Bowen-Moore
109,"Wiley, Hart and Hickman"
110,Meadows-Lopez
111,"Meyer, Yates and Meyer"
112,Soto Ltd
113,Mcpherson Group
114,"Cunningham, Mann and Lopez"
115,Ferguson Group
116,White-Miller
117,Smith-Smith
118,"Nelson, Blake and Dickson"
119,Cole-Kelley
120,Walker Inc
121,"Miller, Howard and Garcia"
122,Francis-Black
123,Griffin-Duran
124,Miller-Jennings
125,"Bentley, Nicholson and Rhodes"
126,"Pierce, Martin and Carroll"
127,Mcconnell Inc
128,"Thomas, Jones and Dodson"
129,"Rodriguez, Juarez and Whitney"
130,Peterson-Collins
131,"Nelson, Perkins and Lewis"
132,Mendoza LLC
133,Williams Ltd
134,Austin-Ward
135,Villegas-Davis
136,"Scott, Gilbert and Baker"
137,Harrington-Thompson
138,Adams-Johnson
139,Baker-Blackburn
140,"Miller, Robbins and Walsh"
141,"Dunn, Smith and Walsh"
142,Johnson Ltd
143,Schroeder-Ortega
144,Shannon-Miller
145,Doyle-Osborn
146,Murphy-Young
147,"Holloway, Sullivan and Johnson"
148,Carter Group
149,Villarreal Inc
150,Osborne Group
151,Hayes Ltd
152,Martin Group
153,Hernandez-Yoder
154,Hughes and Sons
155,Sanford-Dalton
156,Perry and Sons
157,Molina-Thomas
158,"Gomez, Baldwin and Hart"
159,Marquez Inc
160,"Preston, Weber and Erickson"
161,"Johnson, Bridges and Chan"
162,Whitehead PLC
163,"Smith, Jacobson and Craig"
164,Sanchez-Jarvis
165,Mendoza PLC
166,"Archer, Gates and Alvarez"
167,Blevins Ltd
168,Gill-Cruz
169,Bentley LLC
170,"Mccall, Smith and Ramsey"
171,Jones Group
172,"Foster, Wright and Hernandez"
173,Phillips Group
174,Baker-Rice
175,Gutierrez-Morse
176,Ross Group
177,Bell-Smith
178,Jackson-Phillips
179,Lewis Ltd
180,Good-Salazar
181,"Winters, Gill and Bowman"
182,"Coleman, Cohen and Gutierrez"
183,"White, Mcdonald and Fisher"
184,"Anderson, Webb and Bowen"
185,Fields-Clark
186,Brown Group
187,Patrick-Ray
188,Montgomery Ltd
189,Casey-Santiago
190,"Cantu, Crawford and Campos"
191,Hardin and Sons
192,Garcia-Miles
193,"Anderson, Smith and Guzman"
194,Harris-Small
195,"Zamora, Carter and Olson"
196,"Flores, Koch and Chase"
197,Nelson Group
198,"Graham, Koch and Daugherty"
199,Lang-Smith
200,Wilson Group
